modality,n,mean,std,p25,median,p75,min,max
image,140,12.635300602189933,4.735197440160197,9.37940858204811,10.430635429221566,15.66796364427449,6.785776818584935,24.54618675826473
text,140,30.483048008852094,2.2751551595807027,29.008862841225174,30.277478380287228,31.858312982718093,24.86579954696115,35.75752615817494
