{
  "total": 154,
  "visual_cued": 52,
  "non_visual": 102,
  "metrics": {
    "mdi_orig": {
      "visual_cued": {
        "n": 52,
        "mean": 175.1630699399461,
        "median": 170.94397978841852,
        "p90": 234.95879865776527,
        "p99": 263.01579735812
      },
      "non_visual": {
        "n": 102,
        "mean": 195.3103107695425,
        "median": 189.92822776769435,
        "p90": 291.75912162702076,
        "p99": 357.8748946269311
      }
    },
    "aei_t_orig": {
      "visual_cued": {
        "n": 52,
        "mean": 14.418711966001458,
        "median": 14.831093604845655,
        "p90": 15.630925880980165,
        "p99": 16.28205841306872
      },
      "non_visual": {
        "n": 102,
        "mean": 14.375060743295244,
        "median": 14.54393872938789,
        "p90": 16.77590558642133,
        "p99": 17.129379220442686
      }
    },
    "aei_o_orig": {
      "visual_cued": {
        "n": 52,
        "mean": 0.08633135440843971,
        "median": 0.08101155825254244,
        "p90": 0.10976118919540435,
        "p99": 0.13472277775091004
      },
      "non_visual": {
        "n": 102,
        "mean": 0.08145840263224623,
        "median": 0.07688641117510903,
        "p90": 0.11544811497913754,
        "p99": 0.15801079182105718
      }
    },
    "mdi_blank": {
      "visual_cued": {
        "n": 52,
        "mean": 240.58937682650443,
        "median": 238.94118453708688,
        "p90": 306.56909822962444,
        "p99": 328.6650222885952
      },
      "non_visual": {
        "n": 102,
        "mean": 251.449419719298,
        "median": 239.10350978268082,
        "p90": 362.85659613106316,
        "p99": 438.6441642204554
      }
    },
    "aei_t_blank": {
      "visual_cued": {
        "n": 52,
        "mean": 14.769907533544973,
        "median": 15.222887448043247,
        "p90": 15.55341662898994,
        "p99": 16.909567662149414
      },
      "non_visual": {
        "n": 102,
        "mean": 14.64240933261596,
        "median": 14.648429808187919,
        "p90": 16.973364086072642,
        "p99": 17.27562175706218
      }
    },
    "aei_o_blank": {
      "visual_cued": {
        "n": 52,
        "mean": 0.06255768465402287,
        "median": 0.06193096842165707,
        "p90": 0.0739176571724374,
        "p99": 0.08004145070436088
      },
      "non_visual": {
        "n": 102,
        "mean": 0.06359243276917056,
        "median": 0.061433171411264934,
        "p90": 0.09160897846900977,
        "p99": 0.124880075187227
      }
    }
  }
}