{
  "dataset_idx": 105,
  "visual_cued": 1,
  "question": "Which of these states is farthest west?",
  "ans_orig": "california",
  "ans_blank": "california",
  "swap_same_rate": 1.0,
  "MDI_orig": 217.0035029235613,
  "AEI_T_orig": 15.102940424634326,
  "AT_orig": 0.9347096679741114,
  "AO_orig": 0.06529033202588863,
  "effrank_text_orig": 22.671011325824413,
  "effrank_img_orig": 43.16040709352895,
  "cka_tv_orig": 0.2560639977455139,
  "mi_nce_orig": -0.02529262022295864
}