aei_t_orig_mean,base_aei_t_orig_mean,base_cka_ti_orig_mean,base_effrank_image_orig_mean,base_mdi_orig_mean,base_swap_same_rate_mean,cka_ti_orig_mean,delta_aei_t_orig_mean,delta_cka_ti_orig_mean,delta_effrank_image_orig_mean,delta_mdi_orig_mean,delta_swap_same_rate_mean,effrank_image_orig_mean,mdi_orig_mean,placement,swap_same_rate_mean
8.697036561810384,14.38980011719604,,,188.50734633357487,0.43506493506493504,,-5.692763555385657,,,9.995808172024539,0.3912508544087492,,198.5031545055994,llm_attn,0.8263157894736842
8.68653078952416,14.38980011719604,,,188.50734633357487,0.43506493506493504,,-5.703269327671881,,,4.218860134252225,0.35967190704032814,,192.7262064678271,llm_mlp,0.7947368421052632
8.685056838987316,14.38980011719604,,,188.50734633357487,0.43506493506493504,,-5.704743278208724,,,3.5985015579107653,0.24125085440874916,,192.10584789148564,projector,0.6763157894736842
8.70451185042701,14.38980011719604,,,188.50734633357487,0.43506493506493504,,-5.68528826676903,,,14.339532578360831,0.3938824333561176,,202.8468789119357,all,0.8289473684210527
